username,password,enable,,,
user1,123,true,,,
user2,123,false,,,
user3,123,true,,,
user4,123,false,,,
user5,123,true,,,
user6,123,false,,,
user7,123,true,,,
user8,123,false,,,
user9,123,true,,,
user10,123,false,,,
user11,123,true,,,
user12,123,false,,,
user13,123,true,,,
user14,123,false,,,
user15,123,true,,,
user16,123,false,,,
user17,123,true,,,
user18,123,false,,,
user19,123,true,,,
user20,123,false,,,
user21,123,true,,,
user22,123,false,,,
user23,123,true,,,
user24,123,false,,,
user25,123,true,,,
user26,123,false,,,
user27,123,true,,,
user28,123,false,,,
user29,123,true,,,
user30,123,false,,,
user31,123,true,,,
user32,123,false,,,
user33,123,true,,,
user34,123,false,,,
user35,123,true,,,
user36,123,false,,,
user37,123,true,,,
user38,123,false,,,
user39,123,true,,,
user40,123,false,,,
user41,123,true,,,
user42,123,false,,,
user43,123,true,,,
user44,123,false,,,
user45,123,true,,,
user46,123,false,,,
user47,123,true,,,
user48,123,false,,,
user49,123,true,,,
user50,123,false,,,
user51,123,true,,,
user52,123,false,,,
user53,123,true,,,
user54,123,false,,,
user55,123,true,,,
user56,123,false,,,
user57,123,true,,,
user58,123,false,,,
user59,123,true,,,
user60,123,false,,,
user61,123,true,,,
user62,123,false,,,
user63,123,true,,,
user64,123,false,,,
user65,123,true,,,
user66,123,false,,,
user67,123,true,,,
user68,123,false,,,
user69,123,true,,,
user70,123,false,,,
user71,123,true,,,
user72,123,false,,,
user73,123,true,,,
user74,123,false,,,
user75,123,true,,,
user76,123,false,,,
user77,123,true,,,
user78,123,false,,,
user79,123,true,,,
user80,123,false,,,
user81,123,true,,,
user82,123,false,,,
user83,123,true,,,
user84,123,false,,,
user85,123,true,,,
user86,123,false,,,
user87,123,true,,,
user88,123,false,,,
user89,123,true,,,
user90,123,false,,,
user91,123,true,,,
user92,123,false,,,
user93,123,true,,,
user94,123,false,,,
user95,123,true,,,
user96,123,false,,,
user97,123,true,,,
user98,123,false,,,
user99,123,true,,,
user100,123,false,,,
